model,roc_auc_macro,f1_macro,f1_micro,f1_weighted,train_time_min,n_params
BiLSTM,0.9770737850680343,0.4067774782234112,0.740961026764752,0.7099789399110809,149.56,4013774
