model,roc_auc_macro,f1_macro,f1_micro,f1_weighted,train_time_min,n_params
LSTM,0.9741355996894736,0.37986048742920353,0.7245174669006221,0.691301499004056,2.1,3904454
